Date,Event Name,Location,Event URL
08 Jul,"International Conference on Human Centered Actuators and Electro-Mechanical Actuators in Healthcare
                                (ICHCAEMAH )","Manila, Philippines",https://internationalconferencealerts.com/eventdetails.php?id=2975423
09 Jul,"International Conference on Human Resources, Strategies and Development
                                (ICHRSD)","Manila, Philippines",https://internationalconferencealerts.com/eventdetails.php?id=3012832
15 Jul,"International Conference on Resources and Environment Sciences
                                (ICRAES )","Manila, Philippines",https://internationalconferencealerts.com/eventdetails.php?id=3014142
16 Jul,"International Conference on Interdisciplinary Humanities and Communication Studies
                                (ICIHCS)","Angeles City, Philippines",https://internationalconferencealerts.com/eventdetails.php?id=2975265
22 Jul,"International Conference on Evidence-Based Management in Marketing, Economics and Human Resource
                                (ICEBMMEHR)","Manila, Philippines",https://internationalconferencealerts.com/eventdetails.php?id=3327843
22 Jul,"International Conference on Human Biotechnology and Human-Machine Integration
                                (ICHBHMI )","Quezon City, Philippines",https://internationalconferencealerts.com/eventdetails.php?id=3032299
29 Jul,"International Conference on Engineering, Social- Sciences, And Humanities
                                (ICESSH)","Manila, Philippines",https://internationalconferencealerts.com/eventdetails.php?id=3003172
05 Aug,"International Conference on Human Biotechnology and Human-Machine Integration
                                (ICHBHMI )","Manila, Philippines",https://internationalconferencealerts.com/eventdetails.php?id=3074118
07 Aug,"International Conference on Engineering, Social- Sciences, And Humanities
                                (ICESSH)","Manila, Philippines",https://internationalconferencealerts.com/eventdetails.php?id=3045094
12 Aug,"International Conference on Human Exposure to Environmental Contaminants and Human Biomonitoring
                                (ICHEECHB )","Manila, Philippines",https://internationalconferencealerts.com/eventdetails.php?id=3325822
19 Aug,"International Conference on Human Resource Management Models and Strategies
                                (ICHRMMS)","Quezon City, Philippines",https://internationalconferencealerts.com/eventdetails.php?id=3072934
19 Aug,"International Conference on Human Friendly Mechatronics and Human Support Technology
                                (ICHFMHST )","Manila, Philippines",https://internationalconferencealerts.com/eventdetails.php?id=3080046
26 Aug,"International Conference on Resources and Environment Sciences
                                (ICRAES )","Manila, Philippines",https://internationalconferencealerts.com/eventdetails.php?id=3043482
09 Sep,"International Conference on Web Mapping Software and Statistical Data Resources
                                (ICWMSSDR )","Manila, Philippines",https://internationalconferencealerts.com/eventdetails.php?id=3166545
16 Sep,"International Conference on Human-Computer Interaction Design and Interaction Elements
                                (ICHCIDIE )","Manila, Philippines",https://internationalconferencealerts.com/eventdetails.php?id=3170004
23 Sep,"International Conference on Human Centered Actuators and Electro-Mechanical Actuators in Healthcare
                                (ICHCAEMAH )","Manila, Philippines",https://internationalconferencealerts.com/eventdetails.php?id=3163018
23 Sep,"International Conference on Human Resource Management and Performance
                                (ICHRMP)","Quezon City, Philippines",https://internationalconferencealerts.com/eventdetails.php?id=3157113
30 Sep,"International Conference on Humanities, Human and Social Sciences
                                (ICHHSS )","Manila, Philippines",https://internationalconferencealerts.com/eventdetails.php?id=3093058
21 Oct,"International Conference on Human Resources Development and Management
                                (ICHRDM)","Quezon City, Philippines",https://internationalconferencealerts.com/eventdetails.php?id=3187201
22 Oct,"International Conference on Marine Resources Conservation and Human Impacts
                                (ICMRCHI)","Manila, Philippines",https://internationalconferencealerts.com/eventdetails.php?id=3188013
23 Oct,"International Conference on Human Support Technologies and Human Machine Interaction
                                (ICHSTHMI)","Manila, Philippines",https://internationalconferencealerts.com/eventdetails.php?id=3191820
25 Oct,"International Conference on Business Performance Management and Human Resources
                                (ICBPMHR)","Manila, Philippines",https://internationalconferencealerts.com/eventdetails.php?id=3215689
25 Oct,"International Conference on Human Friendly Mechatronics and Human Support Technology
                                (ICHFMHST )","Manila, Philippines",https://internationalconferencealerts.com/eventdetails.php?id=3219082
25 Oct,"International Conference on Organization Behavior and Human Resource Management
                                (ICOBHRM)","Manila, Philippines",https://internationalconferencealerts.com/eventdetails.php?id=3213656
04 Nov,"International Conference on Organization Behavior and Human Resource Management
                                (ICOBHRM)","Manila, Philippines",https://internationalconferencealerts.com/eventdetails.php?id=3254268
11 Nov,"International Conference on Human Support Technologies and Human Machine Interaction
                                (ICHSTHMI)","Manila, Philippines",https://internationalconferencealerts.com/eventdetails.php?id=3122604
18 Nov,"International Conference on Human Resources Development and Management
                                (ICHRDM)","Quezon City, Philippines",https://internationalconferencealerts.com/eventdetails.php?id=3253135
18 Nov,"International Conference on Human Friendly Mechatronics and Human Support Technology
                                (ICHFMHST )","Manila, Philippines",https://internationalconferencealerts.com/eventdetails.php?id=3262246
25 Nov,"International Conference on Business Performance Management and Human Resources
                                (ICBPMHR)","Manila, Philippines",https://internationalconferencealerts.com/eventdetails.php?id=3255376
02 Dec,"International Conference on Human Resource Management and Performance
                                (ICHRMP)","Manila, Philippines",https://internationalconferencealerts.com/eventdetails.php?id=3318918
09 Dec,"International Conference on International Human Resource Management and Globalization
                                (ICIHRMG)","Manila, Philippines",https://internationalconferencealerts.com/eventdetails.php?id=3307001
16 Dec,"International Conference on Human Resources, Strategies and Development
                                (ICHRSD)","Manila, Philippines",https://internationalconferencealerts.com/eventdetails.php?id=3283801
23 Dec,"International Conference on Resources and Environment Sciences
                                (ICRAES )","Quezon City, Philippines",https://internationalconferencealerts.com/eventdetails.php?id=3305776
23 Dec,"International Conference on Human Computer Interaction Technologies and Applications
                                (ICHCITA )","Manila, Philippines",https://internationalconferencealerts.com/eventdetails.php?id=3311918
30 Dec,"International Conference on Existential Psychology, Human Nature and Human Existence
                                (ICEPHNHE )","Manila, Philippines",https://internationalconferencealerts.com/eventdetails.php?id=3278942
